24,24
90210,9021
alias,Alias
angel,Angel
battlestargalactica,Battlestar Galactica
betteroffted,Better Off Ted
bionicwoman,Bionic Woman
blade,Blade
bloodties,Blood Ties
bones,Bones
breakingbad,Breaking Bad
buffy,Buffy
burnnotice,Burn Notice
californication,Californication
caprica,Caprica
charmed,Charmed
chuck,Chuck
coldcase,Cold Case
community,Community
criminalminds,Criminal Minds
cupid,Cupid
daybreak,Daybreak
demons,Demons
desperatehousewives,Desperate Housewives
dexter,Dexter
dirt,Dirt
dirtysexymoney,Dirty Sexy Money
doctorwho,Doctor Who
dollhouse,Dollhouse
eleventhhour,Eleventh Hour
entourage,Entourage
eureka,Eureka
extras,Extras
fearitself,Fear Itself
flashforward,Flashforward
flashpoint,Flashpoint
flightoftheconchords,Flight Of The Conchords
fridaynightlights,Friday Night Lights
friends,Friends
fringe,Fringe
futurama,Futurama
garyunmarried,Gary Unmarried
ghostwhisperer,Ghost Whisperer
gossipgirl,Gossip Girl
greek,Greek
greysanatomy,Greys Anatomy
heroes,Heroes
house,House
howimetyourmother,How I Met Your Mother
intreatment,In Treatment
invasion,Invasion
jake,Jake
jekyll,Jekyll
jericho,Jericho
johnfromcincinnati,John From Cincinnati
journeyman,Journeyman
knightrider,Knight Rider
kylexy,Kyle XY
legendoftheseeker,Legend Of The Seeker
leverage,Leverage
lietome,Lie To Me
life,Life
lost,Lost
madmen,Madmen
mastersofscifi,Masters Of Scifi
medium,Medium
melroseplace,Melrose Place
mental,Mental
merlin,Merlin
moonlight,Moonlight
mynameisearl,My Name Is Earl
ncis,NCIS
ncislosangeles,NCIS Los Angeles
niptuck,Nip/Tuck
onetreehill,One Tree Hill
oz,Oz
painkillerjane,Painkiller Jane
primeval,Primeval
prisonbreak,Prison Break
privatepractice,Private Practice
psych,Psych
pushingdaisies,Pushing Daisies
raines,Raines
reaper,Reaper
robinhood,Robin Hood
rome,Rome
samanthawho,Samantha Who
sanctuary,Sanctuary
scrubs,Scrubs
sexandthecity,Sex And The City
sixfeetunder,Six Feet Under
skins,Skins
smallville,Smallville
sonsofanarchy,Sons Of Anarchy
southpark,South Park
spaced,Spaced
stargateatlantis,Stargate Atlantis
stargatesg1,Stargate sg1
stargateuniverse,Stargate Universe
supernatural,Supernatural
swingtown,Swingtown
the4400,The 4400
thebigbangtheory,The Big Bang Theory
theblackdonnellys,The Black Donnellys
thekillpoint,The Kill Point
thelostroom,The Lost Room
thementalist,The Mentalist
thenine,The Nine
theoc,The OC
thepretender,The Pretender
theriches,The Riches
thesarahconnorchronicles,The Sarah Connor Chronicles
theshield,The Shield
thesopranos,The Sopranos
thetudors,The Tudors
thevampirediaries,The Vampire Diaries
thewire,The Wire
torchwood,Torchwood
traveler,Traveler
trucalling,Tru Calling
trueblood,True blood
uglybetty,Ugly Betty
v,V
veronicamars,Veronica Mars
weeds,Weeds
whitechapel,White Chapel
womensmurderclub,Womens Murder Club
xfiles,Xfiles
